{
  "description": "k_ij(T) polynomial fits for He-Ne SAFT-VRQ-Mie",
  "fitted_range_K": [
    26.95,
    41.9
  ],
  "fitted_points": {
    "26.95": -0.220685128303591,
    "29.91": -0.2318726272694922,
    "32.89": -0.26712884265118503,
    "35.90": -0.2859236979872788,
    "38.88": -0.3403379059022052,
    "41.90": -0.33908190711107106
  },
  "poly1_coeffs": [
    -8.943104474795936e-03,
    2.684915791689534e-02
  ],
  "poly2_coeffs": [
    -2.1066994091524062e-05,
    -0.0074927628374959416,
    0.0024367824861816637
  ],
  "poly3_coeffs": [
    8.381466294906838e-05,
    -0.008677664273721818,
    0.2867497825877168,
    -3.287436426417518
  ],
  "active_order": 1
}
